Country,Happiness score,Year,latitude,longitude,GDP,Healthy life expectancy,Corruption
Finland,1.0,2021,61.92411,25.748151,10.775,72.0,0.186
Denmark,0.91,2021,56.26392,9.501785,10.933,72.7,0.179
Switzerland,0.9,2021,46.818188,8.227512,11.117,74.4,0.292
Iceland,0.89,2021,64.963051,-19.020835,10.878,73.0,0.673
Netherlands,0.86,2021,52.132633,5.291266,10.932,72.4,0.338
Norway,0.83,2021,60.472024,8.468946,11.053,73.3,0.27
Sweden,0.82,2021,60.128161,18.643501,10.867,72.7,0.237
Luxembourg,0.81,2021,49.815273,6.129583,11.647,72.6,0.386
New Zealand,0.79,2021,-40.900557,174.885971,10.643,73.4,0.242
Austria,0.79,2021,47.516231,14.550072,10.906,73.3,0.481
Australia,0.76,2021,-25.274398,133.775136,10.796,73.9,0.442
Israel,0.75,2021,31.046051,34.851612,10.575,73.503,0.753
Germany,0.75,2021,51.165691,10.451526,10.873,72.5,0.46
Canada,0.73,2021,56.130366,-106.346771,10.776,73.8,0.415
Ireland,0.73,2021,53.41291,-8.24389,11.342,72.4,0.363
Costa Rica,0.72,2021,9.748917,-83.753428,9.88,71.4,0.809
United Kingdom,0.72,2021,55.378051,-3.435973,10.707,72.5,0.459
Czech Republic,0.69,2021,49.817492,15.472962,10.556,70.807,0.868
United States,0.69,2021,37.09024,-95.712891,11.023,68.2,0.698
Belgium,0.65,2021,50.503887,4.469936,10.823,72.199,0.646
France,0.61,2021,46.227638,2.213749,10.704,74.0,0.571
Bahrain,0.6,2021,25.930414,50.637772,10.669,69.495,0.722
Malta,0.58,2021,35.937496,14.375416,10.674,72.2,0.653
Taiwan,0.58,2021,23.69781,120.960515,10.871,69.6,0.721
United Arab Emirates,0.57,2021,23.424076,53.847818,11.085,67.333,0.589
Saudi Arabia,0.55,2021,23.885942,45.079162,10.743,66.603,0.684
Spain,0.55,2021,40.463667,-3.74922,10.571,74.7,0.745
Italy,0.55,2021,41.87194,12.56738,10.623,73.8,0.866
Slovenia,0.54,2021,46.151241,14.995463,10.529,71.4,0.806
Guatemala,0.54,2021,15.783471,-90.230759,9.053,64.958,0.775
Uruguay,0.54,2021,-32.522779,-55.765835,9.966,69.1,0.59
Singapore,0.52,2021,1.352083,103.819836,11.488,76.953,0.082
Kosovo,0.52,2021,42.602636,20.902977,9.318,63.813,0.917
Slovakia,0.51,2021,48.669026,19.699024,10.369,69.201,0.911
Brazil,0.51,2021,-14.235004,-51.92528,9.577,66.601,0.756
Mexico,0.51,2021,23.634501,-102.552784,9.859,68.597,0.799
Jamaica,0.5,2021,18.109581,-77.297508,9.186,67.5,0.884
Lithuania,0.49,2021,55.169438,23.881275,10.499,67.906,0.826
Cyprus,0.48,2021,35.126413,33.429859,10.576,73.898,0.844
Estonia,0.47,2021,58.595272,25.013607,10.481,68.8,0.527
Panama,0.47,2021,8.537981,-80.782127,10.35,69.652,0.856
Uzbekistan,0.47,2021,41.377491,64.585262,8.836,65.255,0.515
Chile,0.47,2021,-35.675147,-71.542969,10.071,70.0,0.83
Poland,0.47,2021,51.919438,19.145136,10.382,69.702,0.735
Kazakhstan,0.46,2021,48.019573,66.923684,10.155,65.2,0.733
Romania,0.46,2021,45.943161,24.96676,10.284,67.355,0.938
Kuwait,0.45,2021,29.31166,47.481766,10.817,66.9,0.736
Serbia,0.45,2021,44.016521,21.005859,9.787,68.6,0.835
El Salvador,0.44,2021,13.794185,-88.89653,9.054,66.402,0.688
Mauritius,0.44,2021,-20.348404,57.552152,10.008,66.701,0.789
Latvia,0.44,2021,56.879635,24.603189,10.315,67.1,0.8
Colombia,0.43,2021,4.570868,-74.297333,9.557,68.001,0.841
Hungary,0.43,2021,47.162494,19.503304,10.358,68.0,0.876
Thailand,0.43,2021,15.870032,100.992541,9.805,67.401,0.895
Nicaragua,0.42,2021,12.865416,-85.207229,8.62,67.657,0.664
Japan,0.42,2021,36.204824,138.252924,10.611,75.1,0.638
Argentina,0.41,2021,-38.416097,-63.616672,9.962,69.0,0.834
Portugal,0.41,2021,39.399872,-8.224454,10.421,72.6,0.887
Honduras,0.41,2021,15.199999,-86.241905,8.648,67.3,0.809
Croatia,0.4,2021,45.1,15.2,10.217,70.799,0.939
Philippines,0.4,2021,12.879721,121.774017,9.076,62.0,0.742
South Korea,0.39,2021,35.907757,127.766922,10.651,73.9,0.727
Peru,0.39,2021,-9.189967,-75.015152,9.458,68.25,0.891
Bosnia and Herzegovina,0.39,2021,43.915886,17.679076,9.59,68.098,0.931
Moldova,0.38,2021,47.411631,28.369885,9.454,65.699,0.918
Ecuador,0.38,2021,-1.831239,-78.183406,9.313,68.8,0.843
Kyrgyzstan,0.37,2021,41.20438,74.766098,8.538,64.401,0.908
Greece,0.37,2021,39.074208,21.824312,10.279,72.6,0.823
Bolivia,0.37,2021,-16.290154,-63.588653,9.046,63.901,0.839
Mongolia,0.36,2021,46.862496,103.846656,9.4,62.5,0.856
Paraguay,0.35,2021,-23.442503,-58.443832,9.448,65.9,0.882
Montenegro,0.34,2021,42.708678,19.37439,9.94,68.699,0.812
Dominican Republic,0.33,2021,18.735693,-70.162651,9.802,66.102,0.714
Belarus,0.33,2021,53.709807,27.953389,9.853,66.253,0.627
Russia,0.32,2021,61.52401,105.318756,10.189,64.703,0.845
Hong Kong,0.32,2021,22.396428,114.109497,11.0,76.82,0.403
Tajikistan,0.32,2021,38.861034,71.276093,8.091,64.281,0.553
Vietnam,0.31,2021,14.058324,108.277199,8.973,68.034,0.796
Libya,0.31,2021,26.3351,17.228331,9.622,62.3,0.667
Malaysia,0.3,2021,4.210484,101.975766,10.238,67.102,0.839
Indonesia,0.29,2021,-0.789275,113.921327,9.365,62.236,0.867
Congo [Republic],0.29,2021,-0.228021,15.827659,8.117,58.221,0.745
China,0.29,2021,35.86166,104.195397,9.673,69.593,0.755
C?te d'Ivoire,0.29,2021,7.539989,-5.54708,8.551,50.114,0.794
Armenia,0.28,2021,40.069099,45.038189,9.487,67.055,0.629
Nepal,0.28,2021,28.394857,84.124008,8.12,64.233,0.727
Bulgaria,0.28,2021,42.733883,25.48583,10.016,67.0,0.932
Maldives,0.27,2021,3.202778,73.22068,9.826,70.6,0.825
Azerbaijan,0.26,2021,40.143105,47.576927,9.569,65.656,0.506
Cameroon,0.26,2021,7.369722,12.354722,8.189,53.515,0.848
Senegal,0.26,2021,14.497401,-14.452362,8.118,59.802,0.801
Albania,0.25,2021,41.153332,20.168331,9.52,68.999,0.901
Macedonia [FYROM],0.25,2021,41.608635,21.745275,9.693,65.474,0.905
Ghana,0.25,2021,7.946527,-1.023194,8.58,57.586,0.848
Niger,0.25,2021,17.607789,8.081666,7.098,53.78,0.693
Turkmenistan,0.24,2021,38.969719,59.556278,9.629,62.409,0.888
Gambia,0.24,2021,13.443182,-15.310139,7.686,55.16,0.746
Benin,0.24,2021,9.30769,2.315834,8.087,54.713,0.661
Laos,0.24,2021,19.85627,102.495496,8.947,58.968,0.658
Bangladesh,0.24,2021,23.684994,90.356331,8.454,64.8,0.682
Guinea,0.23,2021,9.945587,-9.696645,7.838,55.008,0.766
South Africa,0.23,2021,-30.559482,22.937506,9.403,56.904,0.86
Turkey,0.23,2021,38.963745,35.243322,10.24,67.199,0.776
Pakistan,0.22,2021,30.375321,69.345116,8.458,58.709,0.787
Morocco,0.22,2021,31.791702,-7.09262,8.903,66.208,0.801
Venezuela,0.22,2021,6.42375,-66.58973,9.073,66.7,0.827
Georgia,0.22,2021,42.315407,43.356892,9.585,64.3,0.655
Algeria,0.22,2021,28.033886,1.659626,9.342,66.005,0.752
Ukraine,0.21,2021,48.379433,31.16558,9.436,64.902,0.924
Iraq,0.21,2021,33.223191,43.679291,9.24,60.583,0.875
Gabon,0.21,2021,-0.803689,11.609444,9.603,59.962,0.84
Burkina Faso,0.21,2021,12.238333,-1.561593,7.678,54.151,0.748
Cambodia,0.21,2021,12.565679,104.990963,8.36,62.0,0.843
Mozambique,0.2,2021,-18.665695,35.529562,7.158,54.706,0.684
Nigeria,0.2,2021,9.081999,8.675277,8.533,50.102,0.878
Mali,0.19,2021,17.570692,-3.996166,7.744,51.969,0.827
Iran,0.19,2021,32.427908,53.688046,9.584,66.3,0.714
Uganda,0.18,2021,1.373333,32.290275,7.677,56.101,0.855
Liberia,0.18,2021,6.428055,-9.429499,7.288,56.498,0.85
Kenya,0.18,2021,-0.023559,37.906193,8.361,60.704,0.825
Tunisia,0.17,2021,33.886917,9.537499,9.266,67.201,0.87
Lebanon,0.17,2021,33.854721,35.862285,9.626,67.355,0.898
Namibia,0.17,2021,-22.95764,18.49041,9.161,56.799,0.847
Palestinian Territories,0.16,2021,31.952162,35.233154,8.485,62.25,0.821
Myanmar [Burma],0.15,2021,21.913965,95.956223,8.541,59.302,0.66
Jordan,0.15,2021,30.585164,36.238414,9.182,67.0,0.705
Chad,0.14,2021,15.454166,18.732207,7.364,48.478,0.807
Sri Lanka,0.14,2021,7.873054,80.771797,9.47,67.299,0.863
Swaziland,0.14,2021,-26.522503,31.465866,9.065,50.833,0.708
Comoros,0.13,2021,-11.875001,43.872219,8.031,57.349,0.781
Egypt,0.13,2021,26.820553,30.802498,9.367,61.998,0.795
Ethiopia,0.13,2021,9.145,40.489673,7.694,59.0,0.761
Mauritania,0.13,2021,21.00789,-10.940835,8.542,57.161,0.731
Madagascar,0.13,2021,-18.766947,46.869107,7.396,59.305,0.803
Togo,0.11,2021,8.619543,0.824782,7.362,54.914,0.772
Zambia,0.11,2021,-13.133897,27.849332,8.145,55.809,0.823
Sierra Leone,0.09,2021,8.460555,-11.779889,7.434,51.651,0.866
India,0.09,2021,20.593684,78.96288,8.755,60.633,0.774
Burundi,0.08,2021,-3.373056,29.918886,6.635,53.4,0.607
Yemen,0.07,2021,15.552727,48.516388,7.578,57.122,0.8
Tanzania,0.07,2021,-6.369028,34.888822,7.876,57.999,0.577
Haiti,0.07,2021,18.971187,-72.285215,7.477,55.7,0.721
Malawi,0.07,2021,-13.254308,34.301525,6.958,57.948,0.729
Lesotho,0.06,2021,-29.609988,28.233608,7.926,48.7,0.915
Botswana,0.05,2021,-22.328474,24.684866,9.782,59.269,0.801
Rwanda,0.05,2021,-1.940278,29.873888,7.676,61.4,0.167
Zimbabwe,0.03,2021,-19.015438,29.154857,7.943,56.201,0.821
Afghanistan,0.0,2021,33.93911,67.709953,7.695,52.493,0.924
Finland,1.0,2020,61.92411,25.748151,10.63926697,71.9008255,0.195444584
Denmark,0.94,2020,56.26392,9.501785,10.77400112,72.40250397,0.168489456
Switzerland,0.9,2020,46.818188,8.227512,10.97993279,74.10244751,0.303728431
Iceland,0.88,2020,64.963051,-19.020835,10.77255917,73.0,0.711709738
Norway,0.88,2020,60.472024,8.468946,11.08780384,73.20078278,0.263218194
Netherlands,0.86,2020,52.132633,5.291266,10.81271172,72.30091858,0.364717126
Sweden,0.83,2020,60.128161,18.643501,10.75879383,72.60076904,0.250880182
New Zealand,0.81,2020,-40.900557,174.885971,10.50094318,73.20262909,0.22113885
Austria,0.81,2020,47.516231,14.550072,10.7428236,73.00250244,0.499954879
Luxembourg,0.79,2020,49.815273,6.129583,11.45068073,72.59999847,0.367084295
Canada,0.79,2020,56.130366,-106.346771,10.69236851,73.60160065,0.390843362
Australia,0.78,2020,-25.274398,133.775136,10.72059631,73.60453796,0.41516912
United Kingdom,0.76,2020,55.378051,-3.435973,10.60013485,72.30160522,0.435915917
Israel,0.75,2020,31.046051,34.851612,10.41752529,73.20025635,0.78085506
Costa Rica,0.75,2020,9.748917,-83.753428,9.658156395,71.29985046,0.786332428
Ireland,0.74,2020,53.41291,-8.24389,11.16097832,72.30078888,0.357184172
Germany,0.73,2020,51.165691,10.451526,10.7328186,72.20201874,0.456422031
United States,0.69,2020,37.09024,-95.712891,10.92576885,68.29949951,0.699715316
Czech Republic,0.68,2020,49.817492,15.472962,10.40416336,70.04793549,0.85844624
Belgium,0.67,2020,50.503887,4.469936,10.6736393,72.00164795,0.612297952
United Arab Emirates,0.65,2020,23.424076,53.847818,11.1099987,67.08278656,0.594502211
Malta,0.64,2020,35.937496,14.375416,10.53383827,72.19999695,0.658547282
France,0.61,2020,46.227638,2.213749,10.58422279,73.80193329,0.583521128
Mexico,0.55,2020,23.634501,-102.552784,9.797797203,68.29902649,0.806821585
Taiwan,0.55,2020,23.69781,120.960515,10.77568531,69.59999847,0.73188293
Uruguay,0.54,2020,-32.522779,-55.765835,9.948192596,69.00254822,0.635994136
Saudi Arabia,0.54,2020,23.885942,45.079162,10.79781246,66.30514526,0.682619512
Spain,0.53,2020,40.463667,-3.74922,10.46292686,74.40270996,0.765859902
Guatemala,0.53,2020,15.783471,-90.230759,8.924805641,64.8089447,0.783237457
Italy,0.53,2020,41.87194,12.56738,10.48183632,73.60168457,0.873404682
Singapore,0.53,2020,1.352083,103.819836,11.39552116,76.80458069,0.109784193
Brazil,0.53,2020,-14.235004,-51.92528,9.56643486,66.48016357,0.770601273
Slovenia,0.52,2020,46.151241,14.995463,10.39232254,71.1029892,0.817071021
El Salvador,0.52,2020,13.794185,-88.89653,8.909075737,66.10826111,0.754319906
Kosovo,0.51,2020,42.602636,20.902977,9.204429626,63.88555527,0.922328293
Panama,0.51,2020,8.537981,-80.782127,10.03423405,69.60301208,0.851588905
Slovakia,0.5,2020,48.669026,19.699024,10.34774971,68.90634155,0.918096125
Uzbekistan,0.5,2020,41.377491,64.585262,8.740371704,65.10757446,0.501497388
Chile,0.49,2020,-35.675147,-71.542969,10.0320549,69.90061951,0.838239431
Bahrain,0.49,2020,25.930414,50.637772,10.67638016,68.5,0.7393471
Lithuania,0.49,2020,55.169438,23.881275,10.34362602,67.29407501,0.809583843
Trinidad and Tobago,0.48,2020,10.691803,-61.222503,10.26000214,63.5,0.912230611
Poland,0.48,2020,51.919438,19.145136,10.26512432,69.31113434,0.686927021
Colombia,0.47,2020,4.570868,-74.297333,9.500369072,67.69958496,0.86457181
Cyprus,0.47,2020,35.126413,33.429859,10.40570259,73.70222473,0.856271744
Nicaragua,0.47,2020,12.865416,-85.207229,8.493160248,67.50717926,0.665950119
Romania,0.46,2020,45.943161,24.96676,10.107584,67.20723724,0.934300244
Kuwait,0.46,2020,29.31166,47.481766,11.08982468,66.76764679,0.760849059
Mauritius,0.46,2020,-20.348404,57.552152,9.956786156,66.40434265,0.805343091
Kazakhstan,0.45,2020,48.019573,66.923684,10.11465836,64.60996246,0.764490843
Estonia,0.44,2020,58.595272,25.013607,10.34001732,68.60495758,0.623073816
Philippines,0.43,2020,12.879721,121.774017,8.993545532,61.92676163,0.733634114
Hungary,0.43,2020,47.162494,19.503304,10.24924374,67.60997009,0.892916501
Thailand,0.43,2020,15.870032,100.992541,9.741791725,67.25059509,0.886272311
Argentina,0.43,2020,-38.416097,-63.616672,9.810955048,68.80380249,0.842009842
Honduras,0.42,2020,15.199999,-86.241905,8.424534798,67.19876862,0.801131904
Latvia,0.42,2020,56.879635,24.603189,10.17531967,66.8074646,0.795580089
Ecuador,0.42,2020,-1.831239,-78.183406,9.246058464,68.50003815,0.801215112
Portugal,0.41,2020,39.399872,-8.224454,10.26374245,72.40202332,0.892629504
Jamaica,0.41,2020,18.109581,-77.297508,9.006250381,67.09999847,0.888890028
South Korea,0.4,2020,35.907757,127.766922,10.51056671,73.6027298,0.789067447
Japan,0.4,2020,36.204824,138.252924,10.57968903,75.00096893,0.654558063
Peru,0.39,2020,-9.189967,-75.015152,9.456313133,68.10023499,0.893714964
Serbia,0.38,2020,44.016521,21.005859,9.680980682,68.21020508,0.843509018
Bolivia,0.38,2020,-16.290154,-63.588653,8.851115227,63.6004715,0.822606206
Pakistan,0.37,2020,30.375321,69.345116,8.482727051,58.25313568,0.745705426
Paraguay,0.36,2020,-23.442503,-58.443832,9.389982224,65.63993835,0.834788501
Dominican Republic,0.36,2020,18.735693,-70.162651,9.664880753,65.80748749,0.755999923
Bosnia and Herzegovina,0.36,2020,43.915886,17.679076,9.455817223,67.80813599,0.933769107
Moldova,0.35,2020,47.411631,28.369885,8.776714325,65.01301575,0.913314283
Tajikistan,0.34,2020,38.861034,71.276093,8.024810791,64.10459137,0.592076063
Montenegro,0.33,2020,42.708678,19.37439,9.751860619,68.50534821,0.783121586
Russia,0.33,2020,61.52401,105.318756,10.12887192,64.10045624,0.864802599
Kyrgyzstan,0.33,2020,41.20438,74.766098,8.148405075,64.10601044,0.888396084
Belarus,0.33,2020,53.709807,27.953389,9.779945374,66.10433197,0.63571167
Greece,0.33,2020,39.074208,21.824312,10.13232613,72.40525818,0.859931409
Hong Kong,0.33,2020,22.396428,114.109497,10.9346714,76.77170563,0.420607209
Croatia,0.33,2020,45.1,15.2,10.07087517,70.21490479,0.916495264
Libya,0.32,2020,26.3351,17.228331,9.789815903,62.29999924,0.668779135
Mongolia,0.32,2020,46.862496,103.846656,9.412186623,62.30448532,0.863511205
Malaysia,0.3,2020,4.210484,101.975766,10.26251888,67.10215759,0.839302301
Vietnam,0.3,2020,14.058324,108.277199,8.809545517,67.9527359,0.79642123
Indonesia,0.28,2020,-0.789275,113.921327,9.36975193,62.15584946,0.876296401
C?te d'Ivoire,0.28,2020,7.539989,-5.54708,8.225561142,49.50377274,0.790771961
Benin,0.27,2020,9.30769,2.315834,7.674319744,54.31246567,0.740532577
Maldives,0.27,2020,3.202778,73.22068,9.518632889,70.59999847,0.824211061
Congo [Republic],0.27,2020,-0.228021,15.827659,8.536987305,57.92448044,0.751779079
Azerbaijan,0.26,2020,40.143105,47.576927,9.687726974,65.50839996,0.55253756
Macedonia [FYROM],0.26,2020,41.608635,21.745275,9.510591507,67.50442505,0.897490501
Ghana,0.26,2020,7.946527,-1.023194,8.350645065,57.20398712,0.847964764
Nepal,0.26,2020,28.394857,84.124008,7.925357342,63.77917862,0.738099158
Turkey,0.26,2020,38.963745,35.243322,10.12941933,66.90281677,0.748197377
China,0.26,2020,35.86166,104.195397,9.688568115,69.2891922,0.7539711
Turkmenistan,0.26,2020,38.969719,59.556278,9.74803257,62.21170807,0.883691847
Bulgaria,0.25,2020,42.733883,25.48583,9.869318962,66.80397797,0.935585141
Morocco,0.25,2020,31.791702,-7.09262,8.940313339,65.89624023,0.815724611
Cameroon,0.25,2020,7.369722,12.354722,8.118647575,52.7049408,0.851336598
Venezuela,0.24,2020,6.42375,-66.58973,8.977793694,66.50534058,0.837038398
Algeria,0.24,2020,28.033886,1.659626,9.537964821,65.90517426,0.735485137
Senegal,0.23,2020,14.497401,-14.452362,8.118982315,59.59915161,0.808785141
Guinea,0.23,2020,9.945587,-9.696645,7.750990391,54.46780014,0.761794448
Niger,0.22,2020,17.607789,8.081666,6.842166901,53.50009537,0.722530186
Laos,0.22,2020,19.85627,102.495496,8.79858017,58.70992279,0.634679317
Albania,0.22,2020,41.153332,20.168331,9.417930603,68.70813751,0.896303713
Cambodia,0.21,2020,12.565679,104.990963,8.249890327,61.52996826,0.822769046
Bangladesh,0.21,2020,23.684994,90.356331,8.287063599,64.50306702,0.661843538
Gabon,0.21,2020,-0.803689,11.609444,9.680537224,59.71533966,0.849150956
South Africa,0.21,2020,-30.559482,22.937506,9.403370857,56.50601196,0.843423843
Iraq,0.2,2020,33.223191,43.679291,9.661095619,59.90354919,0.82226181
Lebanon,0.2,2020,33.854721,35.862285,9.3617239,67.10658264,0.90225625
Burkina Faso,0.2,2020,12.238333,-1.561593,7.46854496,53.88945389,0.739795029
Gambia,0.2,2020,13.443182,-15.310139,7.321814537,55.0120163,0.690717816
Mali,0.19,2020,17.570692,-3.996166,7.629852295,51.72698212,0.839328408
Nigeria,0.19,2020,9.081999,8.675277,8.57662487,49.86190796,0.861874342
Armenia,0.19,2020,40.069099,45.038189,9.100476265,66.75065613,0.773544788
Georgia,0.19,2020,42.315407,43.356892,9.226100922,64.49520874,0.665944695
Iran,0.19,2020,32.427908,53.688046,9.813719749,66.00614929,0.714635968
Jordan,0.18,2020,30.585164,36.238414,9.025999069,66.79975128,0.700344324
Mozambique,0.18,2020,-18.665695,35.529562,7.069345951,54.20582199,0.683019102
Kenya,0.17,2020,-0.023559,37.906193,8.02977562,60.09693146,0.831499159
Namibia,0.17,2020,-22.95764,18.49041,9.203141212,56.50148773,0.851449788
Ukraine,0.17,2020,48.379433,31.16558,9.010690689,64.60678101,0.920636714
Liberia,0.17,2020,6.428055,-9.429499,7.054380417,56.09631348,0.856375933
Palestinian Territories,0.17,2020,31.952162,35.233154,8.389223099,62.25,0.824199975
Uganda,0.15,2020,1.373333,32.290275,7.500389576,55.70820236,0.836737812
Chad,0.15,2020,15.454166,18.732207,7.467963696,48.22053909,0.802760839
Tunisia,0.15,2020,33.886917,9.537499,9.314972878,66.89785767,0.867590249
Mauritania,0.15,2020,21.00789,-10.940835,8.233919144,57.01017761,0.746223509
Sri Lanka,0.14,2020,7.873054,80.771797,9.389969826,67.20006561,0.859001756
Congo [DRC],0.14,2020,-4.038333,21.758664,6.694256306,52.90000153,0.809403598
Swaziland,0.14,2020,-26.522503,31.465866,9.16267395,51.18823624,0.708263338
Myanmar [Burma],0.14,2020,21.913965,95.956223,8.680481911,58.96171188,0.645124316
Comoros,0.13,2020,-11.875001,43.872219,7.833630085,57.34901047,0.780622602
Togo,0.12,2020,8.619543,0.824782,7.357711315,54.71989822,0.757733464
Ethiopia,0.12,2020,9.145,40.489673,7.509385586,58.63959122,0.753690004
Madagascar,0.12,2020,-18.766947,46.869107,7.281685829,59.10542679,0.817485631
Egypt,0.12,2020,26.820553,30.802498,9.316541672,61.78015137,0.787726879
Sierra Leone,0.09,2020,8.460555,-11.779889,7.26880312,50.86514282,0.861330688
Burundi,0.08,2020,-3.373056,29.918886,6.492642403,53.40000153,0.606934547
Zambia,0.08,2020,-13.133897,27.849332,8.224720001,55.29937744,0.801289678
Haiti,0.08,2020,18.971187,-72.285215,7.411329269,55.59862518,0.684767246
Lesotho,0.07,2020,-29.609988,28.233608,7.960488319,48.00362396,0.857392073
India,0.06,2020,20.593684,78.96288,8.849823952,60.21518707,0.772042692
Malawi,0.06,2020,-13.254308,34.301525,7.062226295,57.59288788,0.731700778
Yemen,0.06,2020,15.552727,48.516388,7.759682655,56.72728348,0.800287724
Botswana,0.05,2020,-22.328474,24.684866,9.711203575,58.92445374,0.777930915
Tanzania,0.05,2020,-6.369028,34.888822,7.967665195,57.49607468,0.619799435
Central African Republic,0.05,2020,6.611111,20.939444,6.625160217,45.20000076,0.891806662
Rwanda,0.04,2020,-1.940278,29.873888,7.600104332,61.09884644,0.183541179
Zimbabwe,0.04,2020,-19.015438,29.154857,7.865711689,55.61725998,0.81023699
Afghanistan,0.0,2020,33.93911,67.709953,7.462860584,52.59000015,0.933686554
Finland,1.0,2019,61.92411,25.748151,1.34,0.986,0.393
Denmark,0.93,2019,56.26392,9.501785,1.383,0.996,0.41
Norway,0.92,2019,60.472024,8.468946,1.488,1.028,0.341
Iceland,0.89,2019,64.963051,-19.020835,1.38,1.026,0.118
Netherlands,0.89,2019,52.132633,5.291266,1.396,0.999,0.298
Switzerland,0.89,2019,46.818188,8.227512,1.452,1.052,0.343
Sweden,0.84,2019,60.128161,18.643501,1.387,1.009,0.373
New Zealand,0.82,2019,-40.900557,174.885971,1.303,1.026,0.38
Canada,0.81,2019,56.130366,-106.346771,1.365,1.039,0.308
Austria,0.8,2019,47.516231,14.550072,1.376,1.016,0.226
Australia,0.8,2019,-25.274398,133.775136,1.372,1.036,0.29
Costa Rica,0.77,2019,9.748917,-83.753428,1.034,0.963,0.093
Israel,0.76,2019,31.046051,34.851612,1.276,1.029,0.082
Luxembourg,0.75,2019,49.815273,6.129583,1.609,1.012,0.316
United Kingdom,0.74,2019,55.378051,-3.435973,1.333,0.996,0.278
Ireland,0.72,2019,53.41291,-8.24389,1.499,0.999,0.31
Germany,0.71,2019,51.165691,10.451526,1.373,0.987,0.265
Belgium,0.69,2019,50.503887,4.469936,1.356,0.986,0.21
United States,0.68,2019,37.09024,-95.712891,1.433,0.874,0.128
Czech Republic,0.67,2019,49.817492,15.472962,1.269,0.92,0.036
United Arab Emirates,0.66,2019,23.424076,53.847818,1.503,0.825,0.182
Malta,0.63,2019,35.937496,14.375416,1.3,0.999,0.151
Mexico,0.59,2019,23.634501,-102.552784,1.07,0.861,0.073
France,0.59,2019,46.227638,2.213749,1.324,1.045,0.183
Taiwan,0.55,2019,23.69781,120.960515,1.368,0.914,0.097
Chile,0.55,2019,-35.675147,-71.542969,1.159,0.92,0.056
Guatemala,0.55,2019,15.783471,-90.230759,0.8,0.746,0.078
Saudi Arabia,0.53,2019,23.885942,45.079162,1.403,0.795,0.132
Qatar,0.53,2019,25.354826,51.183884,1.684,0.871,0.167
Spain,0.52,2019,40.463667,-3.74922,1.286,1.062,0.079
Panama,0.51,2019,8.537981,-80.782127,1.149,0.91,0.054
Brazil,0.51,2019,-14.235004,-51.92528,1.004,0.802,0.086
Uruguay,0.51,2019,-32.522779,-55.765835,1.124,0.891,0.15
Singapore,0.5,2019,1.352083,103.819836,1.572,1.141,0.453
El Salvador,0.5,2019,13.794185,-88.89653,0.794,0.789,0.074
Italy,0.49,2019,41.87194,12.56738,1.294,1.039,0.03
Bahrain,0.48,2019,25.930414,50.637772,1.362,0.871,0.11
Slovakia,0.48,2019,48.669026,19.699024,1.246,0.881,0.014
Trinidad and Tobago,0.48,2019,10.691803,-61.222503,1.231,0.713,0.016
Poland,0.48,2019,51.919438,19.145136,1.206,0.884,0.05
Uzbekistan,0.48,2019,41.377491,64.585262,0.745,0.756,0.24
Lithuania,0.47,2019,55.169438,23.881275,1.238,0.818,0.042
Colombia,0.46,2019,4.570868,-74.297333,0.985,0.841,0.034
Slovenia,0.46,2019,46.151241,14.995463,1.258,0.953,0.057
Nicaragua,0.46,2019,12.865416,-85.207229,0.694,0.835,0.127
Kosovo,0.46,2019,42.602636,20.902977,0.882,0.758,0.006
Argentina,0.45,2019,-38.416097,-63.616672,1.092,0.881,0.05
Romania,0.45,2019,45.943161,24.96676,1.162,0.825,0.005
Cyprus,0.44,2019,35.126413,33.429859,1.263,1.042,0.041
Ecuador,0.44,2019,-1.831239,-78.183406,0.912,0.868,0.087
Kuwait,0.44,2019,29.31166,47.481766,1.5,0.808,0.097
Thailand,0.43,2019,15.870032,100.992541,1.05,0.828,0.028
Latvia,0.42,2019,56.879635,24.603189,1.187,0.812,0.064
South Korea,0.41,2019,35.907757,127.766922,1.301,1.036,0.056
Estonia,0.41,2019,58.595272,25.013607,1.237,0.874,0.161
Jamaica,0.41,2019,18.109581,-77.297508,0.831,0.831,0.028
Mauritius,0.41,2019,-20.348404,57.552152,1.12,0.798,0.06
Japan,0.41,2019,36.204824,138.252924,1.327,1.088,0.14
Honduras,0.4,2019,15.199999,-86.241905,0.642,0.828,0.078
Kazakhstan,0.39,2019,48.019573,66.923684,1.173,0.729,0.096
Bolivia,0.38,2019,-16.290154,-63.588653,0.776,0.706,0.064
Hungary,0.38,2019,47.162494,19.503304,1.201,0.828,0.02
Paraguay,0.37,2019,-23.442503,-58.443832,0.855,0.777,0.08
Peru,0.36,2019,-9.189967,-75.015152,0.96,0.854,0.027
Portugal,0.36,2019,39.399872,-8.224454,1.221,0.999,0.025
Pakistan,0.35,2019,30.375321,69.345116,0.677,0.535,0.098
Russia,0.35,2019,61.52401,105.318756,1.183,0.726,0.031
Philippines,0.35,2019,12.879721,121.774017,0.807,0.657,0.107
Serbia,0.34,2019,44.016521,21.005859,1.004,0.854,0.039
Moldova,0.33,2019,47.411631,28.369885,0.685,0.739,0.0
Libya,0.33,2019,26.3351,17.228331,1.044,0.673,0.152
Montenegro,0.33,2019,42.708678,19.37439,1.051,0.871,0.08
Tajikistan,0.31,2019,38.861034,71.276093,0.493,0.718,0.144
Croatia,0.31,2019,45.1,15.2,1.155,0.914,0.022
Hong Kong,0.31,2019,22.396428,114.109497,1.438,1.122,0.287
Dominican Republic,0.31,2019,18.735693,-70.162651,1.015,0.779,0.101
Bosnia and Herzegovina,0.3,2019,43.915886,17.679076,0.945,0.845,0.006
Turkey,0.3,2019,38.963745,35.243322,1.183,0.808,0.106
Malaysia,0.29,2019,4.210484,101.975766,1.221,0.828,0.024
Belarus,0.29,2019,53.709807,27.953389,1.067,0.789,0.142
Greece,0.28,2019,39.074208,21.824312,1.181,0.999,0.034
Mongolia,0.28,2019,46.862496,103.846656,0.948,0.667,0.038
Macedonia [FYROM],0.28,2019,41.608635,21.745275,0.983,0.838,0.034
Nigeria,0.28,2019,9.081999,8.675277,0.696,0.245,0.041
Kyrgyzstan,0.27,2019,41.20438,74.766098,0.551,0.723,0.023
Turkmenistan,0.27,2019,38.969719,59.556278,1.052,0.657,0.028
Algeria,0.27,2019,28.033886,1.659626,1.002,0.785,0.114
Morocco,0.26,2019,31.791702,-7.09262,0.801,0.782,0.076
Azerbaijan,0.26,2019,40.143105,47.576927,1.043,0.769,0.182
Lebanon,0.26,2019,33.854721,35.862285,0.987,0.815,0.027
Indonesia,0.26,2019,-0.789275,113.921327,0.931,0.66,0.028
China,0.26,2019,35.86166,104.195397,1.029,0.893,0.1
Vietnam,0.26,2019,14.058324,108.277199,0.741,0.851,0.073
Bhutan,0.24,2019,27.514162,90.433601,0.813,0.604,0.167
Cameroon,0.24,2019,7.369722,12.354722,0.549,0.331,0.037
Bulgaria,0.23,2019,42.733883,25.48583,1.092,0.815,0.004
Ghana,0.23,2019,7.946527,-1.023194,0.611,0.486,0.04
C?te d'Ivoire,0.22,2019,7.539989,-5.54708,0.569,0.232,0.09
Nepal,0.21,2019,28.394857,84.124008,0.446,0.677,0.089
Jordan,0.21,2019,30.585164,36.238414,0.837,0.815,0.13
Benin,0.21,2019,9.30769,2.315834,0.393,0.397,0.082
Congo [Republic],0.2,2019,-0.228021,15.827659,0.673,0.508,0.093
Gabon,0.2,2019,-0.803689,11.609444,1.057,0.571,0.055
Laos,0.2,2019,19.85627,102.495496,0.764,0.551,0.164
South Africa,0.18,2019,-30.559482,22.937506,0.96,0.469,0.055
Albania,0.18,2019,41.153332,20.168331,0.947,0.874,0.027
Venezuela,0.18,2019,6.42375,-66.58973,0.96,0.805,0.047
Cambodia,0.18,2019,12.565679,104.990963,0.574,0.637,0.062
Palestinian Territories,0.18,2019,31.952162,35.233154,0.657,0.672,0.066
Senegal,0.18,2019,14.497401,-14.452362,0.45,0.571,0.072
Somalia,0.18,2019,5.152149,46.199616,0.0,0.268,0.27
Namibia,0.17,2019,-22.95764,18.49041,0.879,0.477,0.056
Niger,0.17,2019,17.607789,8.081666,0.138,0.366,0.102
Burkina Faso,0.16,2019,12.238333,-1.561593,0.331,0.38,0.113
Armenia,0.16,2019,40.069099,45.038189,0.85,0.815,0.064
Iran,0.16,2019,32.427908,53.688046,1.1,0.785,0.125
Guinea,0.16,2019,9.945587,-9.696645,0.38,0.375,0.086
Georgia,0.15,2019,42.315407,43.356892,0.886,0.752,0.164
Gambia,0.15,2019,13.443182,-15.310139,0.308,0.428,0.167
Kenya,0.15,2019,-0.023559,37.906193,0.512,0.581,0.053
Mauritania,0.15,2019,21.00789,-10.940835,0.57,0.489,0.088
Mozambique,0.15,2019,-18.665695,35.529562,0.204,0.39,0.138
Tunisia,0.15,2019,33.886917,9.537499,0.921,0.815,0.055
Bangladesh,0.15,2019,23.684994,90.356331,0.562,0.723,0.143
Iraq,0.14,2019,33.223191,43.679291,1.043,0.574,0.089
Congo [DRC],0.14,2019,-4.038333,21.758664,0.094,0.357,0.053
Mali,0.14,2019,17.570692,-3.996166,0.385,0.308,0.052
Sierra Leone,0.14,2019,8.460555,-11.779889,0.268,0.242,0.045
Sri Lanka,0.13,2019,7.873054,80.771797,0.949,0.831,0.047
Myanmar [Burma],0.13,2019,21.913965,95.956223,0.71,0.555,0.172
Chad,0.13,2019,15.454166,18.732207,0.35,0.192,0.078
Ukraine,0.13,2019,48.379433,31.16558,0.82,0.739,0.01
Ethiopia,0.12,2019,9.145,40.489673,0.336,0.532,0.1
Swaziland,0.12,2019,-26.522503,31.465866,0.811,0.0,0.135
Uganda,0.11,2019,1.373333,32.290275,0.332,0.443,0.06
Egypt,0.11,2019,26.820553,30.802498,0.913,0.644,0.067
Zambia,0.1,2019,-13.133897,27.849332,0.578,0.426,0.087
Togo,0.1,2019,8.619543,0.824782,0.275,0.41,0.085
India,0.09,2019,20.593684,78.96288,0.755,0.588,0.085
Liberia,0.09,2019,6.428055,-9.429499,0.073,0.443,0.033
Comoros,0.09,2019,-11.875001,43.872219,0.274,0.505,0.078
Madagascar,0.08,2019,-18.766947,46.869107,0.274,0.555,0.041
Lesotho,0.07,2019,-29.609988,28.233608,0.489,0.168,0.093
Burundi,0.07,2019,-3.373056,29.918886,0.046,0.38,0.18
Zimbabwe,0.06,2019,-19.015438,29.154857,0.366,0.433,0.089
Haiti,0.05,2019,18.971187,-72.285215,0.323,0.449,0.11
Botswana,0.04,2019,-22.328474,24.684866,1.041,0.538,0.1
Syria,0.04,2019,34.802075,38.996815,0.619,0.44,0.141
Malawi,0.04,2019,-13.254308,34.301525,0.191,0.495,0.089
Yemen,0.03,2019,15.552727,48.516388,0.287,0.463,0.077
Rwanda,0.03,2019,-1.940278,29.873888,0.359,0.614,0.411
Tanzania,0.02,2019,-6.369028,34.888822,0.476,0.499,0.147
Afghanistan,0.02,2019,33.93911,67.709953,0.35,0.361,0.025
Central African Republic,0.01,2019,6.611111,20.939444,0.026,0.105,0.035
Finland,1.0,2018,61.92411,25.748151,1.305,0.874,0.393
Norway,0.98,2018,60.472024,8.468946,1.456,0.861,0.34
Denmark,0.97,2018,56.26392,9.501785,1.351,0.868,0.408
Iceland,0.94,2018,64.963051,-19.020835,1.343,0.914,0.138
Switzerland,0.94,2018,46.818188,8.227512,1.42,0.927,0.357
Netherlands,0.92,2018,52.132633,5.291266,1.361,0.878,0.295
Canada,0.88,2018,56.130366,-106.346771,1.33,0.896,0.291
New Zealand,0.88,2018,-40.900557,174.885971,1.268,0.876,0.389
Sweden,0.87,2018,60.128161,18.643501,1.355,0.913,0.383
Australia,0.86,2018,-25.274398,133.775136,1.34,0.91,0.302
United Kingdom,0.83,2018,55.378051,-3.435973,1.244,0.888,0.082
Austria,0.81,2018,47.516231,14.550072,1.341,0.891,0.224
Costa Rica,0.78,2018,9.748917,-83.753428,1.01,0.817,0.101
Ireland,0.75,2018,53.41291,-8.24389,1.448,0.876,0.306
Germany,0.75,2018,51.165691,10.451526,1.34,0.861,0.28
Belgium,0.73,2018,50.503887,4.469936,1.324,0.894,0.24
Luxembourg,0.73,2018,49.815273,6.129583,1.576,0.896,0.321
United States,0.72,2018,37.09024,-95.712891,1.398,0.819,0.133
Israel,0.69,2018,31.046051,34.851612,1.301,0.883,0.272
United Arab Emirates,0.68,2018,23.424076,53.847818,2.096,0.67,
Czech Republic,0.66,2018,49.817492,15.472962,1.233,0.854,0.034
Malta,0.63,2018,35.937496,14.375416,1.27,0.884,0.142
France,0.59,2018,46.227638,2.213749,1.293,0.908,0.176
Mexico,0.59,2018,23.634501,-102.552784,1.038,0.761,0.095
Chile,0.59,2018,-35.675147,-71.542969,1.131,0.808,0.061
Taiwan,0.58,2018,23.69781,120.960515,1.365,0.857,0.078
Panama,0.57,2018,8.537981,-80.782127,1.112,0.759,0.063
Brazil,0.57,2018,-14.235004,-51.92528,0.986,0.675,0.088
Argentina,0.56,2018,-38.416097,-63.616672,1.073,0.744,0.054
Guatemala,0.56,2018,15.783471,-90.230759,0.781,0.608,0.071
Uruguay,0.56,2018,-32.522779,-55.765835,1.093,0.771,0.155
Qatar,0.56,2018,25.354826,51.183884,1.649,0.748,0.171
Saudi Arabia,0.56,2018,23.885942,45.079162,1.379,0.633,0.127
Singapore,0.55,2018,1.352083,103.819836,1.529,1.008,0.457
Malaysia,0.54,2018,4.210484,101.975766,1.161,0.669,0.059
Spain,0.54,2018,40.463667,-3.74922,1.251,0.965,0.074
Colombia,0.53,2018,4.570868,-74.297333,0.96,0.635,0.039
Trinidad and Tobago,0.51,2018,10.691803,-61.222503,1.223,0.564,0.019
Slovakia,0.5,2018,48.669026,19.699024,1.21,0.776,0.014
El Salvador,0.5,2018,13.794185,-88.89653,0.806,0.639,0.082
Nicaragua,0.49,2018,12.865416,-85.207229,0.668,0.7,0.128
Poland,0.49,2018,51.919438,19.145136,1.176,0.781,0.064
Bahrain,0.48,2018,25.930414,50.637772,1.338,0.698,0.123
Uzbekistan,0.48,2018,41.377491,64.585262,0.719,0.605,0.259
Kuwait,0.48,2018,29.31166,47.481766,1.474,0.675,0.106
Thailand,0.47,2018,15.870032,100.992541,1.016,0.707,0.029
Italy,0.46,2018,41.87194,12.56738,1.264,0.946,0.028
Ecuador,0.45,2018,-1.831239,-78.183406,0.889,0.736,0.12
Belize,0.44,2018,17.189877,-88.49765,0.807,0.474,0.089
Lithuania,0.44,2018,55.169438,23.881275,1.197,0.716,0.006
Slovenia,0.44,2018,46.151241,14.995463,1.219,0.856,0.051
Romania,0.44,2018,45.943161,24.96676,1.116,0.726,0.001
Latvia,0.44,2018,56.879635,24.603189,1.148,0.671,0.066
Japan,0.43,2018,36.204824,138.252924,1.294,0.988,0.15
Mauritius,0.43,2018,-20.348404,57.552152,1.09,0.684,0.05
Jamaica,0.43,2018,18.109581,-77.297508,0.819,0.693,0.031
South Korea,0.42,2018,35.907757,127.766922,1.266,0.955,0.051
Russia,0.41,2018,61.52401,105.318756,1.151,0.599,0.025
Kazakhstan,0.4,2018,48.019573,66.923684,1.143,0.631,0.121
Cyprus,0.4,2018,35.126413,33.429859,1.229,0.909,0.035
Bolivia,0.39,2018,-16.290154,-63.588653,0.751,0.508,0.054
Estonia,0.39,2018,58.595272,25.013607,1.2,0.737,0.174
Paraguay,0.38,2018,-23.442503,-58.443832,0.835,0.615,0.074
Peru,0.37,2018,-9.189967,-75.015152,0.934,0.674,0.034
Kosovo,0.37,2018,42.602636,20.902977,0.855,0.578,0.023
Moldova,0.37,2018,47.411631,28.369885,0.657,0.62,0.0
Turkmenistan,0.37,2018,38.969719,59.556278,1.016,0.517,0.037
Hungary,0.36,2018,47.162494,19.503304,1.171,0.732,0.022
Libya,0.35,2018,26.3351,17.228331,0.985,0.553,0.148
Philippines,0.34,2018,12.879721,121.774017,0.775,0.513,0.105
Honduras,0.34,2018,15.199999,-86.241905,0.62,0.622,0.074
Belarus,0.33,2018,53.709807,27.953389,1.039,0.7,0.154
Turkey,0.33,2018,38.963745,35.243322,1.148,0.686,0.109
Pakistan,0.33,2018,30.375321,69.345116,0.652,0.424,0.113
Hong Kong,0.32,2018,22.396428,114.109497,1.405,1.03,0.291
Portugal,0.32,2018,39.399872,-8.224454,1.188,0.884,0.017
Serbia,0.32,2018,44.016521,21.005859,0.975,0.685,0.043
Greece,0.31,2018,39.074208,21.824312,1.154,0.879,0.044
Lebanon,0.31,2018,33.854721,35.862285,0.965,0.785,0.136
Montenegro,0.31,2018,42.708678,19.37439,1.017,0.729,0.081
Croatia,0.3,2018,45.1,15.2,1.115,0.737,0.039
Dominican Republic,0.3,2018,18.735693,-70.162651,0.982,0.614,0.106
Algeria,0.3,2018,28.033886,1.659626,0.979,0.687,0.135
Morocco,0.29,2018,31.791702,-7.09262,0.779,0.669,0.074
China,0.29,2018,35.86166,104.195397,0.989,0.799,0.103
Azerbaijan,0.28,2018,40.143105,47.576927,1.024,0.603,0.176
Tajikistan,0.28,2018,38.861034,71.276093,0.474,0.598,0.034
Macedonia [FYROM],0.27,2018,41.608635,21.745275,0.959,0.691,0.052
Jordan,0.27,2018,30.585164,36.238414,0.822,0.645,0.134
Nigeria,0.27,2018,9.081999,8.675277,0.689,0.048,0.032
Kyrgyzstan,0.26,2018,41.20438,74.766098,0.53,0.594,0.035
Bosnia and Herzegovina,0.26,2018,43.915886,17.679076,0.915,0.758,0.0
Mongolia,0.26,2018,46.862496,103.846656,0.914,0.575,0.032
Vietnam,0.26,2018,14.058324,108.277199,0.715,0.702,0.079
Indonesia,0.26,2018,-0.789275,113.921327,0.899,0.522,0.018
Bhutan,0.25,2018,27.514162,90.433601,0.796,0.527,0.171
Somalia,0.24,2018,5.152149,46.199616,0.0,0.115,0.282
Cameroon,0.23,2018,7.369722,12.354722,0.535,0.182,0.043
Bulgaria,0.23,2018,42.733883,25.48583,1.054,0.712,0.009
Nepal,0.22,2018,28.394857,84.124008,0.425,0.539,0.078
Venezuela,0.21,2018,6.42375,-66.58973,0.996,0.657,0.052
Gabon,0.2,2018,-0.803689,11.609444,1.036,0.404,0.052
Palestinian Territories,0.2,2018,31.952162,35.233154,0.642,0.602,0.076
South Africa,0.19,2018,-30.559482,22.937506,0.94,0.33,0.056
Iran,0.19,2018,32.427908,53.688046,1.059,0.691,0.129
C?te d'Ivoire,0.18,2018,7.539989,-5.54708,0.541,0.08,0.103
Ghana,0.18,2018,7.946527,-1.023194,0.592,0.337,0.029
Senegal,0.18,2018,14.497401,-14.452362,0.429,0.433,0.082
Laos,0.18,2018,19.85627,102.495496,0.72,0.441,0.174
Tunisia,0.17,2018,33.886917,9.537499,0.9,0.69,0.063
Albania,0.17,2018,41.153332,20.168331,0.916,0.79,0.032
Sierra Leone,0.17,2018,8.460555,-11.779889,0.256,0.0,0.053
Congo [Republic],0.17,2018,-0.228021,15.827659,0.682,0.343,0.077
Bangladesh,0.16,2018,23.684994,90.356331,0.532,0.579,0.144
Sri Lanka,0.15,2018,7.873054,80.771797,0.918,0.672,0.05
Iraq,0.15,2018,33.223191,43.679291,1.01,0.536,0.095
Mali,0.15,2018,17.570692,-3.996166,0.37,0.152,0.056
Namibia,0.15,2018,-22.95764,18.49041,0.874,0.365,0.064
Cambodia,0.15,2018,12.565679,104.990963,0.549,0.457,0.065
Burkina Faso,0.15,2018,12.238333,-1.561593,0.314,0.254,0.128
Egypt,0.15,2018,26.820553,30.802498,0.885,0.553,0.107
Mozambique,0.15,2018,-18.665695,35.529562,0.198,0.173,0.158
Kenya,0.15,2018,-0.023559,37.906193,0.493,0.454,0.055
Zambia,0.14,2018,-13.133897,27.849332,0.562,0.295,0.082
Mauritania,0.14,2018,21.00789,-10.940835,0.557,0.292,0.093
Ethiopia,0.14,2018,9.145,40.489673,0.308,0.391,0.146
Georgia,0.14,2018,42.315407,43.356892,0.853,0.643,0.215
Armenia,0.13,2018,40.069099,45.038189,0.816,0.666,0.028
Myanmar [Burma],0.13,2018,21.913965,95.956223,0.682,0.429,0.178
Chad,0.13,2018,15.454166,18.732207,0.358,0.053,0.06
Congo [DRC],0.12,2018,-4.038333,21.758664,0.069,0.204,0.052
India,0.12,2018,20.593684,78.96288,0.721,0.485,0.093
Niger,0.11,2018,17.607789,8.081666,0.131,0.221,0.099
Uganda,0.11,2018,1.373333,32.290275,0.322,0.237,0.061
Benin,0.11,2018,9.30769,2.315834,0.378,0.24,0.067
Sudan,0.11,2018,12.862807,30.217636,0.605,0.312,0.082
Ukraine,0.11,2018,48.379433,31.16558,0.793,0.609,0.011
Togo,0.09,2018,8.619543,0.824782,0.259,0.253,0.101
Guinea,0.09,2018,9.945587,-9.696645,0.344,0.211,0.094
Lesotho,0.07,2018,-29.609988,28.233608,0.472,0.079,0.112
Angola,0.07,2018,-11.202692,17.873887,0.73,0.269,0.061
Madagascar,0.07,2018,-18.766947,46.869107,0.262,0.402,0.049
Zimbabwe,0.06,2018,-19.015438,29.154857,0.357,0.248,0.099
Afghanistan,0.06,2018,33.93911,67.709953,0.332,0.255,0.036
Botswana,0.05,2018,-22.328474,24.684866,1.017,0.417,0.092
Malawi,0.05,2018,-13.254308,34.301525,0.186,0.306,0.08
Haiti,0.05,2018,18.971187,-72.285215,0.315,0.289,0.104
Liberia,0.04,2018,6.428055,-9.429499,0.076,0.267,0.03
Syria,0.04,2018,34.802075,38.996815,0.689,0.539,0.144
Rwanda,0.04,2018,-1.940278,29.873888,0.332,0.4,0.444
Yemen,0.03,2018,15.552727,48.516388,0.442,0.343,0.064
Tanzania,0.03,2018,-6.369028,34.888822,0.455,0.381,0.097
Central African Republic,0.01,2018,6.611111,20.939444,0.024,0.01,0.038
Burundi,0.0,2018,-3.373056,29.918886,0.091,0.145,0.076
Norway,1.0,2017,60.472024,8.468946,1.61646318435669,0.796666502952576,0.315963834524155
Denmark,0.99,2017,56.26392,9.501785,1.48238301277161,0.792565524578094,0.40077006816864
Iceland,0.99,2017,64.963051,-19.020835,1.480633020401,0.833552122116089,0.153526559472084
Switzerland,0.98,2017,46.818188,8.227512,1.56497955322266,0.858131289482117,0.367007285356522
Finland,0.97,2017,61.92411,25.748151,1.44357192516327,0.80915766954422,0.38261154294014
Netherlands,0.93,2017,52.132633,5.291266,1.50394463539124,0.810696125030518,0.282661825418472
Canada,0.91,2017,56.130366,-106.346771,1.47920441627502,0.83455765247345,0.287371516227722
New Zealand,0.91,2017,-40.900557,174.885971,1.40570604801178,0.816759705543518,0.382816702127457
Sweden,0.9,2017,60.128161,18.643501,1.49438726902008,0.830875158309937,0.384398728609085
Australia,0.9,2017,-25.274398,133.775136,1.484414935112,0.84388679265976,0.301183730363846
Israel,0.87,2017,31.046051,34.851612,1.37538242340088,0.83840399980545,0.0852421000599861
Costa Rica,0.82,2017,9.748917,-83.753428,1.10970628261566,0.759509265422821,0.100106589496136
Austria,0.79,2017,47.516231,14.550072,1.48709726333618,0.815328419208527,0.221060365438461
United States,0.79,2017,37.09024,-95.712891,1.54625928401947,0.77428662776947,0.135638788342476
Ireland,0.78,2017,53.41291,-8.24389,1.53570663928986,0.80978262424469,0.29838815331459
Germany,0.77,2017,51.165691,10.451526,1.48792338371277,0.798950731754303,0.276731938123703
Belgium,0.75,2017,50.503887,4.469936,1.46378076076508,0.818091869354248,0.251343131065369
Luxembourg,0.74,2017,49.815273,6.129583,1.74194359779358,0.845089495182037,0.31883442401886
United Kingdom,0.69,2017,55.378051,-3.435973,1.44163393974304,0.805335938930511,0.265428066253662
Chile,0.67,2017,-35.675147,-71.542969,1.25278460979462,0.819479703903198,0.0822879821062088
United Arab Emirates,0.67,2017,23.424076,53.847818,1.62634336948395,0.726798236370087,0.324489563703537
Brazil,0.67,2017,-14.235004,-51.92528,1.10735321044922,0.616552352905273,0.111092761158943
Czech Republic,0.66,2017,49.817492,15.472962,1.35268235206604,0.754444003105164,0.0368729270994663
Argentina,0.66,2017,-38.416097,-63.616672,1.18529546260834,0.695137083530426,0.059739887714386
Mexico,0.65,2017,23.634501,-102.552784,1.15318381786346,0.709978997707367,0.132774114608765
Singapore,0.65,2017,1.352083,103.819836,1.69227766990662,0.949492394924164,0.46430778503418
Malta,0.63,2017,35.937496,14.375416,1.34327983856201,0.821944236755371,0.153066068887711
Uruguay,0.61,2017,-32.522779,-55.765835,1.21755969524384,0.719216823577881,0.178061872720718
Guatemala,0.61,2017,15.783471,-90.230759,0.872001945972443,0.540239989757538,0.0772232785820961
Panama,0.61,2017,8.537981,-80.782127,1.23374843597412,0.706156134605408,0.070983923971653
France,0.61,2017,46.227638,2.213749,1.43092346191406,0.844465851783752,0.172502428293228
Thailand,0.6,2017,15.870032,100.992541,1.12786877155304,0.647239029407501,0.0316127352416515
Taiwan,0.6,2017,23.69781,120.960515,1.43362653255463,0.793984234333038,0.0638292357325554
Spain,0.59,2017,40.463667,-3.74922,1.38439786434174,0.888960599899292,0.0709140971302986
Qatar,0.59,2017,25.354826,51.183884,1.87076568603516,0.710098087787628,0.439299255609512
Colombia,0.58,2017,4.570868,-74.297333,1.07062232494354,0.595027923583984,0.0466687418520451
Saudi Arabia,0.58,2017,23.885942,45.079162,1.53062355518341,0.590148329734802,0.27343225479126
Trinidad and Tobago,0.53,2017,10.691803,-61.222503,1.36135590076447,0.519983291625977,0.0089648161083459
Kuwait,0.51,2017,29.31166,47.481766,1.63295245170593,0.632105708122253,0.215159550309181
Slovakia,0.51,2017,48.669026,19.699024,1.32539355754852,0.712732911109924,0.0242108516395092
Bahrain,0.5,2017,25.930414,50.637772,1.48841226100922,0.653133034706116,0.257042169570923
Malaysia,0.5,2017,4.210484,101.975766,1.29121541976929,0.618784427642822,0.0656007081270218
Nicaragua,0.5,2017,12.865416,-85.207229,0.737299203872681,0.653095960617065,0.130687981843948
Ecuador,0.48,2017,-1.831239,-78.183406,1.00082039833069,0.685636222362518,0.140134647488594
El Salvador,0.48,2017,13.794185,-88.89653,0.909784495830536,0.596018552780151,0.0899809598922729
Poland,0.47,2017,51.919438,19.145136,1.29178786277771,0.699475347995758,0.0593078061938286
Uzbekistan,0.47,2017,41.377491,64.585262,0.786441087722778,0.498272627592087,0.246528223156929
Italy,0.47,2017,41.87194,12.56738,1.39506661891937,0.853144347667694,0.0280280914157629
Russia,0.47,2017,61.52401,105.318756,1.28177809715271,0.547349333763123,0.0329628810286522
Belize,0.47,2017,17.189877,-88.49765,0.907975316047668,0.450191766023636,0.0965810716152191
Japan,0.46,2017,36.204824,138.252924,1.41691517829895,0.913475871086121,0.163760736584663
Lithuania,0.46,2017,55.169438,23.881275,1.31458234786987,0.62894994020462,0.0118656428530812
Algeria,0.45,2017,28.033886,1.659626,1.09186446666718,0.617584645748138,0.146096110343933
Latvia,0.44,2017,56.879635,24.603189,1.26074862480164,0.638566970825195,0.0738427266478539
South Korea,0.44,2017,35.907757,127.766922,1.40167844295502,0.900214076042175,0.0632826685905457
Moldova,0.44,2017,47.411631,28.369885,0.728870630264282,0.589465200901031,0.0100912861526012
Romania,0.44,2017,45.943161,24.96676,1.21768391132355,0.685158312320709,0.00438790069893
Bolivia,0.44,2017,-16.290154,-63.588653,0.833756566047668,0.473630249500275,0.0604777261614799
Turkmenistan,0.44,2017,38.969719,59.556278,1.13077676296234,0.437726080417633,0.259270340204239
Kazakhstan,0.43,2017,48.019573,66.923684,1.28455626964569,0.606041550636292,0.119282886385918
Slovenia,0.42,2017,46.151241,14.995463,1.3412059545517,0.790828227996826,0.0451289787888527
Peru,0.41,2017,-9.189967,-75.015152,1.03522527217865,0.630166113376617,0.0470490865409374
Mauritius,0.39,2017,-20.348404,57.552152,1.18939554691315,0.638007462024689,0.0421815551817417
Cyprus,0.39,2017,35.126413,33.429859,1.35593807697296,0.84471470117569,0.0412379764020443
Estonia,0.38,2017,58.595272,25.013607,1.32087934017181,0.695168316364288,0.183248922228813
Belarus,0.37,2017,53.709807,27.953389,1.15655755996704,0.637714266777039,0.156313821673393
Libya,0.36,2017,26.3351,17.228331,1.10180306434631,0.520169019699097,0.0926102101802826
Turkey,0.36,2017,38.963745,35.243322,1.19827437400818,0.637605607509613,0.0996715798974037
Paraguay,0.36,2017,-23.442503,-58.443832,0.932537317276001,0.579250693321228,0.091065913438797
Philippines,0.34,2017,12.879721,121.774017,0.85769921541214,0.468009054660797,0.0993318930268288
Serbia,0.34,2017,44.016521,21.005859,1.06931757926941,0.65078467130661,0.0409037806093693
Jordan,0.32,2017,30.585164,36.238414,0.991012394428253,0.604590058326721,0.11980327218771
Hungary,0.32,2017,47.162494,19.503304,1.2860119342804,0.687763452529907,0.0366369374096394
Jamaica,0.32,2017,18.109581,-77.297508,0.925579309463501,0.641022384166718,0.0552677810192108
Croatia,0.32,2017,45.1,15.2,1.22255623340607,0.701288521289825,0.0431031100451946
Kosovo,0.31,2017,42.602636,20.902977,0.951484382152557,0.541452050209045,0.0574716180562973
China,0.31,2017,35.86166,104.195397,1.08116579055786,0.741415500640869,0.0227942746132612
Pakistan,0.31,2017,30.375321,69.345116,0.72688353061676,0.402047783136368,0.124348066747189
Indonesia,0.31,2017,-0.789275,113.921327,0.995538592338562,0.492345720529556,0.0153171354904771
Venezuela,0.31,2017,6.42375,-66.58973,1.12843120098114,0.617144227027893,0.0644911229610443
Montenegro,0.3,2017,42.708678,19.37439,1.12112903594971,0.667464673519135,0.0881741940975189
Morocco,0.3,2017,31.791702,-7.09262,0.878114581108093,0.59771066904068,0.0877631828188896
Azerbaijan,0.3,2017,40.143105,47.576927,1.15360176563263,0.540775775909424,0.180987507104874
Dominican Republic,0.3,2017,18.735693,-70.162651,1.07937383651733,0.574873745441437,0.113945253193378
Greece,0.3,2017,39.074208,21.824312,1.28948748111725,0.810198903083801,0.04328977689147
Lebanon,0.3,2017,33.854721,35.862285,1.07498753070831,0.735081076622009,0.037513829767704
Portugal,0.3,2017,39.399872,-8.224454,1.3151752948761,0.795843541622162,0.0158694516867399
Bosnia and Herzegovina,0.29,2017,43.915886,17.679076,0.982409417629242,0.705186307430267,0.0
Honduras,0.29,2017,15.199999,-86.241905,0.730573117733002,0.582569479942322,0.0733454525470734
Macedonia [FYROM],0.29,2017,41.608635,21.745275,1.06457793712616,0.644948184490204,0.0602777935564518
Somalia,0.29,2017,5.152149,46.199616,0.0226431842893362,0.113989137113094,0.282410323619843
Vietnam,0.27,2017,14.058324,108.277199,0.788547575473785,0.652168989181519,0.0876332372426987
Nigeria,0.27,2017,9.081999,8.675277,0.783756256103516,0.0569157302379608,0.0261215660721064
Tajikistan,0.27,2017,38.861034,71.276093,0.524713635444641,0.529235124588013,0.146377146244049
Bhutan,0.26,2017,27.514162,90.433601,0.885416388511658,0.495879292488098,0.173380389809608
Kyrgyzstan,0.26,2017,41.20438,74.766098,0.596220076084137,0.553457796573639,0.0394391790032387
Nepal,0.25,2017,28.394857,84.124008,0.479820191860199,0.504130780696869,0.0729755461215973
Mongolia,0.25,2017,46.862496,103.846656,1.02723586559296,0.557783484458923,0.0329022891819477
South Africa,0.23,2017,-30.559482,22.937506,1.05469870567322,0.187080070376396,0.0725094974040985
Tunisia,0.22,2017,33.886917,9.537499,1.00726580619812,0.613212049007416,0.0867231488227844
Palestinian Territories,0.22,2017,31.952162,35.233154,0.716249227523804,0.565666973590851,0.0892826020717621
Egypt,0.21,2017,26.820553,30.802498,0.989701807498932,0.520187258720398,0.114381365478039
Bulgaria,0.21,2017,42.733883,25.48583,1.1614590883255,0.708217680454254,0.0110515309497714
Sierra Leone,0.21,2017,8.460555,-11.779889,0.36842092871666,0.0055647538974881,0.0710951760411263
Cameroon,0.21,2017,7.369722,12.354722,0.564305365085602,0.132892116904259,0.0513066314160824
Iran,0.2,2017,32.427908,53.688046,1.15687310695648,0.639333188533783,0.048761073499918
Albania,0.2,2017,41.153332,20.168331,0.996192753314972,0.731159746646881,0.0398642159998417
Bangladesh,0.19,2017,23.684994,90.356331,0.586682975292206,0.533241033554077,0.123717859387398
Namibia,0.19,2017,-22.95764,18.49041,0.964434325695038,0.33861181139946,0.0931469723582268
Kenya,0.18,2017,-0.023559,37.906193,0.560479462146759,0.309988349676132,0.0646413192152977
Mozambique,0.18,2017,-18.665695,35.529562,0.234305649995804,0.106654435396194,0.179436385631561
Myanmar [Burma],0.18,2017,21.913965,95.956223,0.367110550403595,0.397522568702698,0.188816204667091
Senegal,0.18,2017,14.497401,-14.452362,0.479309022426605,0.409362852573395,0.115460447967052
Zambia,0.18,2017,-13.133897,27.849332,0.636406779289246,0.257835894823074,0.0782135501503944
Iraq,0.17,2017,33.223191,43.679291,1.10271048545837,0.501180469989777,0.107215754687786
Gabon,0.17,2017,-0.803689,11.609444,1.1982102394104,0.356578588485718,0.0760467872023582
Ethiopia,0.17,2017,9.145,40.489673,0.339233845472336,0.353409707546234,0.165455713868141
Sri Lanka,0.17,2017,7.873054,80.771797,1.00985014438629,0.625130832195282,0.0736539661884308
Armenia,0.16,2017,40.069099,45.038189,0.900596737861633,0.637524425983429,0.0266744215041399
India,0.15,2017,20.593684,78.96288,0.792221248149872,0.455427616834641,0.0922268852591515
Mauritania,0.15,2017,21.00789,-10.940835,0.648457288742065,0.285349279642105,0.136957004666328
Congo [Republic],0.15,2017,-0.228021,15.827659,0.808964252471924,0.28995743393898,0.0796181336045265
Georgia,0.14,2017,42.315407,43.356892,0.950612664222717,0.649546980857849,0.251666635274887
Congo [DRC],0.14,2017,-4.038333,21.758664,0.0921023488044739,0.191407024860382,0.0602413564920425
Mali,0.13,2017,17.570692,-3.996166,0.476180493831635,0.169365674257278,0.104970246553421
C?te d'Ivoire,0.13,2017,7.539989,-5.54708,0.603048920631409,0.0486421696841717,0.130061775445938
Cambodia,0.13,2017,12.565679,104.990963,0.601765096187592,0.429783403873444,0.0681059509515762
Sudan,0.13,2017,12.862807,30.217636,0.65951669216156,0.290920823812485,0.089847519993782
Ghana,0.12,2017,7.946527,-1.023194,0.667224824428558,0.295637726783752,0.0253363698720932
Ukraine,0.12,2017,48.379433,31.16558,0.89465194940567,0.575903952121735,0.0230294708162546
Uganda,0.12,2017,1.373333,32.290275,0.381430715322495,0.217632606625557,0.057069718837738
Burkina Faso,0.11,2017,12.238333,-1.561593,0.3502277135849,0.215844258666039,0.120328105986118
Niger,0.11,2017,17.607789,8.081666,0.161925330758095,0.26850500702858,0.138572946190834
Malawi,0.11,2017,-13.254308,34.301525,0.233442038297653,0.315089583396912,0.0727116540074348
Chad,0.1,2017,15.454166,18.732207,0.438012987375259,0.0411347150802612,0.0535818822681904
Zimbabwe,0.09,2017,-19.015438,29.154857,0.375846534967422,0.196763753890991,0.0953753814101219
Lesotho,0.09,2017,-29.609988,28.233608,0.521021246910095,0.0,0.119094640016556
Angola,0.09,2017,-11.202692,17.873887,0.858428180217743,0.0498686656355858,0.0697203353047371
Afghanistan,0.09,2017,33.93911,67.709953,0.401477217674255,0.180746778845787,0.0611578300595284
Botswana,0.08,2017,-22.328474,24.684866,1.12209415435791,0.341755509376526,0.0985831990838051
Benin,0.07,2017,9.30769,2.315834,0.431085407733917,0.209930211305618,0.0609290152788162
Madagascar,0.07,2017,-18.766947,46.869107,0.305808693170547,0.375223308801651,0.0672319754958153
Haiti,0.07,2017,18.971187,-72.285215,0.368610262870789,0.277321130037308,0.0998721495270729
Yemen,0.07,2017,15.552727,48.516388,0.591683447360992,0.310080915689468,0.0567674227058887
Liberia,0.06,2017,6.428055,-9.429499,0.119041793048382,0.229918196797371,0.0389482490718365
Guinea,0.06,2017,9.945587,-9.696645,0.244549930095673,0.194129139184952,0.110937617719173
Togo,0.06,2017,8.619543,0.824782,0.305444717407227,0.247105568647385,0.0956650152802467
Rwanda,0.05,2017,-1.940278,29.873888,0.368745893239975,0.326424807310104,0.455220013856888
Syria,0.05,2017,34.802075,38.996815,0.777153134346008,0.50053334236145,0.151347130537033
Tanzania,0.04,2017,-6.369028,34.888822,0.511135876178741,0.364509284496307,0.0660351067781448
Burundi,0.01,2017,-3.373056,29.918886,0.091622568666935,0.151610791683197,0.0841479450464249
Central African Republic,0.0,2017,6.611111,20.939444,0.0,0.0187726859003305,0.0565650761127472
Denmark,1.0,2016,56.26392,9.501785,1.44178,0.79504,0.44453
Switzerland,0.99,2016,46.818188,8.227512,1.52733,0.86303,0.41203
Iceland,0.99,2016,64.963051,-19.020835,1.42666,0.86733,0.14975
Norway,0.99,2016,60.472024,8.468946,1.57744,0.79579,0.35776
Finland,0.95,2016,61.92411,25.748151,1.40598,0.81091,0.41004
Canada,0.95,2016,56.130366,-106.346771,1.44015,0.8276,0.31329
Netherlands,0.92,2016,52.132633,5.291266,1.46468,0.81231,0.29927
New Zealand,0.92,2016,-40.900557,174.885971,1.36066,0.83096,0.41904
Australia,0.91,2016,-25.274398,133.775136,1.44443,0.8512,0.32331
Sweden,0.9,2016,60.128161,18.643501,1.45181,0.83121,0.40867
Israel,0.89,2016,31.046051,34.851612,1.33766,0.84917,0.08728
Austria,0.84,2016,47.516231,14.550072,1.45038,0.80565,0.21348
United States,0.83,2016,37.09024,-95.712891,1.50796,0.779,0.14868
Costa Rica,0.82,2016,9.748917,-83.753428,1.06879,0.76146,0.10547
Puerto Rico,0.81,2016,18.220833,-66.590149,1.35943,0.77758,0.12275
Germany,0.79,2016,51.165691,10.451526,1.44787,0.81487,0.28551
Brazil,0.78,2016,-14.235004,-51.92528,1.08754,0.61415,0.14166
Belgium,0.77,2016,50.503887,4.469936,1.42539,0.81959,0.26248
Ireland,0.76,2016,53.41291,-8.24389,1.48341,0.81455,0.29754
Luxembourg,0.75,2016,49.815273,6.129583,1.69752,0.84542,0.35329
Mexico,0.71,2016,23.634501,-102.552784,1.11508,0.71143,0.18355
Singapore,0.7,2016,1.352083,103.819836,1.64555,0.94719,0.46987
United Kingdom,0.7,2016,55.378051,-3.435973,1.40283,0.80991,0.27399
Chile,0.69,2016,-35.675147,-71.542969,1.2167,0.81883,0.11451
Panama,0.69,2016,8.537981,-80.782127,1.18306,0.70835,0.08423
Argentina,0.67,2016,-38.416097,-63.616672,1.15137,0.69711,0.07296
Czech Republic,0.65,2016,49.817492,15.472962,1.30915,0.76376,0.03986
United Arab Emirates,0.65,2016,23.424076,53.847818,1.57352,0.72993,0.35561
Uruguay,0.64,2016,-32.522779,-55.765835,1.18157,0.72183,0.21394
Malta,0.62,2016,35.937496,14.375416,1.30782,0.80315,0.17554
Colombia,0.62,2016,4.570868,-74.297333,1.03032,0.59659,0.05399
France,0.62,2016,46.227638,2.213749,1.39488,0.83795,0.17808
Thailand,0.61,2016,15.870032,100.992541,1.0893,0.64915,0.02833
Saudi Arabia,0.59,2016,23.885942,45.079162,1.48953,0.59267,0.30008
Taiwan,0.59,2016,23.69781,120.960515,1.39729,0.79565,0.0663
Qatar,0.58,2016,25.354826,51.183884,1.82427,0.71723,0.48049
Spain,0.58,2016,40.463667,-3.74922,1.34253,0.87896,0.06137
Algeria,0.58,2016,28.033886,1.659626,1.05266,0.61804,0.16157
Guatemala,0.57,2016,15.783471,-90.230759,0.83454,0.54039,0.08701
Suriname,0.55,2016,3.919305,-56.027783,1.09686,0.50933,0.12692
Kuwait,0.54,2016,29.31166,47.481766,1.61714,0.63569,0.23669
Bahrain,0.54,2016,25.930414,50.637772,1.44024,0.65696,0.25772
Trinidad and Tobago,0.52,2016,10.691803,-61.222503,1.32572,0.52608,0.01241
Venezuela,0.5,2016,6.42375,-66.58973,1.13367,0.61904,0.08304
Slovakia,0.5,2016,48.669026,19.699024,1.27973,0.70367,0.02947
El Salvador,0.5,2016,13.794185,-88.89653,0.8737,0.596,0.10613
Malaysia,0.48,2016,4.210484,101.975766,1.25142,0.62366,0.09081
Nicaragua,0.47,2016,12.865416,-85.207229,0.69384,0.65213,0.16292
Uzbekistan,0.47,2016,41.377491,64.585262,0.73591,0.50163,0.28333
Italy,0.47,2016,41.87194,12.56738,1.35495,0.85102,0.02556
Ecuador,0.47,2016,-1.831239,-78.183406,0.97306,0.68613,0.18037
Belize,0.46,2016,17.189877,-88.49765,0.87616,0.45569,0.10771
Japan,0.46,2016,36.204824,138.252924,1.38007,0.91491,0.18985
Kazakhstan,0.46,2016,48.019573,66.923684,1.22943,0.57386,0.11132
Moldova,0.45,2016,47.411631,28.369885,0.69177,0.52309,0.01903
Russia,0.44,2016,61.52401,105.318756,1.23228,0.58991,0.03586
Poland,0.43,2016,51.919438,19.145136,1.24585,0.69058,0.055
South Korea,0.43,2016,35.907757,127.766922,1.35948,0.88645,0.07716
Bolivia,0.43,2016,-16.290154,-63.588653,0.79422,0.4697,0.07746
Lithuania,0.43,2016,55.169438,23.881275,1.2692,0.64674,0.0182
Belarus,0.43,2016,53.709807,27.953389,1.13062,0.63104,0.17457
Slovenia,0.42,2016,46.151241,14.995463,1.29947,0.79151,0.03635
Peru,0.41,2016,-9.189967,-75.015152,0.99602,0.62994,0.05292
Turkmenistan,0.39,2016,38.969719,59.556278,1.08017,0.44006,0.28467
Mauritius,0.39,2016,-20.348404,57.552152,1.14372,0.66189,0.05203
Libya,0.38,2016,26.3351,17.228331,1.06688,0.52304,0.10339
Latvia,0.37,2016,56.879635,24.603189,1.21788,0.63952,0.0889
Cyprus,0.36,2016,35.126413,33.429859,1.31857,0.8488,0.05228
Paraguay,0.36,2016,-23.442503,-58.443832,0.89373,0.58295,0.07396
Romania,0.36,2016,45.943161,24.96676,1.1697,0.67602,0.00679
Estonia,0.36,2016,58.595272,25.013607,1.27964,0.68098,0.18519
Jamaica,0.36,2016,18.109581,-77.297508,0.89333,0.59469,0.04294
Croatia,0.35,2016,45.1,15.2,1.18649,0.70524,0.04002
Hong Kong,0.34,2016,22.396428,114.109497,1.5107,0.95277,0.31647
Somalia,0.34,2016,5.152149,46.199616,0.0,0.11466,0.3118
Kosovo,0.33,2016,42.602636,20.902977,0.90145,0.54,0.06547
Turkey,0.33,2016,38.963745,35.243322,1.16492,0.64718,0.12348
Indonesia,0.31,2016,-0.789275,113.921327,0.95104,0.49374,0.00322
Jordan,0.31,2016,30.585164,36.238414,0.99673,0.60712,0.13297
Azerbaijan,0.31,2016,40.143105,47.576927,1.12373,0.54504,0.17914
Philippines,0.31,2016,12.879721,121.774017,0.81217,0.47036,0.11757
China,0.3,2016,35.86166,104.195397,1.0278,0.73561,0.02745
Bhutan,0.29,2016,27.514162,90.433601,0.8527,0.49759,0.1616
Kyrgyzstan,0.29,2016,41.20438,74.766098,0.56044,0.55449,0.04762
Serbia,0.28,2016,44.016521,21.005859,1.03437,0.6458,0.04339
Bosnia and Herzegovina,0.28,2016,43.915886,17.679076,0.93383,0.70766,0.0
Montenegro,0.28,2016,42.708678,19.37439,1.07838,0.63533,0.12721
Dominican Republic,0.28,2016,18.735693,-70.162651,1.02787,0.57669,0.12372
Morocco,0.28,2016,31.791702,-7.09262,0.84058,0.59471,0.08404
Hungary,0.28,2016,47.162494,19.503304,1.24142,0.67608,0.04472
Pakistan,0.28,2016,30.375321,69.345116,0.68816,0.40306,0.1388
Lebanon,0.27,2016,33.854721,35.862285,1.12268,0.76171,0.03061
Portugal,0.27,2016,39.399872,-8.224454,1.27607,0.79363,0.01521
Macedonia [FYROM],0.27,2016,41.608635,21.745275,1.0193,0.64738,0.07047
Vietnam,0.26,2016,14.058324,108.277199,0.74037,0.66157,0.11556
Tunisia,0.26,2016,33.886917,9.537499,0.97724,0.59577,0.0817
Greece,0.26,2016,39.074208,21.824312,1.24886,0.80029,0.04127
Tajikistan,0.25,2016,38.861034,71.276093,0.48835,0.53119,0.13509
Mongolia,0.23,2016,46.862496,103.846656,0.98853,0.55469,0.03285
Laos,0.23,2016,19.85627,102.495496,0.68042,0.38291,0.22423
Nigeria,0.23,2016,9.081999,8.675277,0.75216,0.05108,0.0305
Honduras,0.23,2016,15.199999,-86.241905,0.69429,0.58383,0.06906
Iran,0.22,2016,32.427908,53.688046,1.11758,0.64232,0.0557
Zambia,0.21,2016,-13.133897,27.849332,0.61202,0.23573,0.11479
Nepal,0.21,2016,28.394857,84.124008,0.44626,0.50073,0.07008
Palestinian Territories,0.21,2016,31.952162,35.233154,0.67024,0.56844,0.10613
Albania,0.19,2016,41.153332,20.168331,0.9553,0.73007,0.05301
Bangladesh,0.19,2016,23.684994,90.356331,0.54177,0.52989,0.12583
Sierra Leone,0.19,2016,8.460555,-11.779889,0.36485,0.0,0.08196
Iraq,0.18,2016,33.223191,43.679291,1.07474,0.51076,0.13636
Namibia,0.18,2016,-22.95764,18.49041,0.93287,0.34745,0.10398
Cameroon,0.17,2016,7.369722,12.354722,0.52497,0.12698,0.06126
Ethiopia,0.17,2016,9.145,40.489673,0.29283,0.34578,0.1717
South Africa,0.16,2016,-30.559482,22.937506,1.02416,0.18611,0.08415
Sri Lanka,0.15,2016,7.873054,80.771797,0.97318,0.62007,0.07964
India,0.15,2016,20.593684,78.96288,0.74036,0.45091,0.08722
Myanmar [Burma],0.15,2016,21.913965,95.956223,0.34112,0.3988,0.20243
Egypt,0.15,2016,26.820553,30.802498,0.95395,0.52116,0.10393
Armenia,0.15,2016,40.069099,45.038189,0.86086,0.64083,0.03616
Kenya,0.14,2016,-0.023559,37.906193,0.52267,0.30147,0.06686
Ukraine,0.14,2016,48.379433,31.16558,0.87287,0.58628,0.01829
Ghana,0.13,2016,7.946527,-1.023194,0.63107,0.29681,0.0326
Congo [DRC],0.13,2016,-4.038333,21.758664,0.05661,0.188,0.06075
Georgia,0.13,2016,42.315407,43.356892,0.83792,0.64035,0.3188
Congo [Republic],0.13,2016,-0.228021,15.827659,0.77109,0.28212,0.09753
Senegal,0.13,2016,14.497401,-14.452362,0.44314,0.40457,0.11681
Bulgaria,0.13,2016,42.733883,25.48583,1.11306,0.67806,0.00615
Mauritania,0.12,2016,21.00789,-10.940835,0.61391,0.28639,0.17955
Zimbabwe,0.12,2016,-19.015438,29.154857,0.35041,0.1595,0.08582
Malawi,0.12,2016,-13.254308,34.301525,0.08709,0.29364,0.07564
Sudan,0.12,2016,12.862807,30.217636,0.63069,0.29759,0.10039
Gabon,0.11,2016,-0.803689,11.609444,1.15851,0.3494,0.09314
Mali,0.11,2016,17.570692,-3.996166,0.31292,0.16347,0.13647
Haiti,0.1,2016,18.971187,-72.285215,0.34097,0.27494,0.14476
Botswana,0.1,2016,-22.328474,24.684866,1.09426,0.34752,0.10769
Comoros,0.09,2016,-11.875001,43.872219,0.27509,0.29981,0.18437
C?te d'Ivoire,0.09,2016,7.539989,-5.54708,0.55507,0.04476,0.1553
Cambodia,0.09,2016,12.565679,104.990963,0.55604,0.42494,0.08092
Angola,0.08,2016,-11.202692,17.873887,0.84731,0.04991,0.08434
Niger,0.08,2016,17.607789,8.081666,0.1327,0.26162,0.17176
Chad,0.07,2016,15.454166,18.732207,0.42214,0.03824,0.04952
Burkina Faso,0.07,2016,12.238333,-1.561593,0.31995,0.21297,0.12533
Uganda,0.07,2016,1.373333,32.290275,0.34719,0.19625,0.06442
Yemen,0.07,2016,15.552727,48.516388,0.57939,0.31048,0.05892
Madagascar,0.06,2016,-18.766947,46.869107,0.27954,0.37109,0.07506
Tanzania,0.06,2016,-6.369028,34.888822,0.47155,0.357,0.05099
Liberia,0.06,2016,6.428055,-9.429499,0.10706,0.23165,0.04852
Guinea,0.06,2016,9.945587,-9.696645,0.22415,0.18829,0.1192
Rwanda,0.05,2016,-1.940278,29.873888,0.32846,0.31865,0.50521
Benin,0.04,2016,9.30769,2.315834,0.39499,0.21028,0.06681
Afghanistan,0.03,2016,33.93911,67.709953,0.38227,0.17344,0.07112
Togo,0.03,2016,8.619543,0.824782,0.28123,0.24811,0.11587
Syria,0.01,2016,34.802075,38.996815,0.74719,0.62994,0.17233
Burundi,0.0,2016,-3.373056,29.918886,0.06831,0.15747,0.09419
